sample_id,cell_id,clone_id,time_label,modality,replicate,regime,split,feature_id,value
fixture_sample_3,fixture_cell_0,fixture_train_clone_0,3,RNA,fixture_rep_1,common,train,fixture_rna_x0,0.707269549369812
fixture_sample_3,fixture_cell_0,fixture_train_clone_0,3,RNA,fixture_rep_1,common,train,fixture_rna_x1,0.5347118377685547
fixture_sample_3,fixture_cell_0,fixture_train_clone_0,3,RNA,fixture_rep_1,common,train,fixture_rna_x2,1.1694220304489136
fixture_sample_3,fixture_cell_0,fixture_train_clone_0,3,RNA,fixture_rep_1,common,train,fixture_rna_y0,0.15088973939418793
fixture_sample_3,fixture_cell_0,fixture_train_clone_0,3,RNA,fixture_rep_1,common,train,fixture_rna_y1,
fixture_sample_3,fixture_cell_0,fixture_train_clone_0,3,ATAC,fixture_rep_1,common,train,fixture_withheld_peak,99999
fixture_sample_11,fixture_cell_1,fixture_train_clone_0,11,RNA,fixture_rep_2,common,train,fixture_rna_x0,0.9766756296157837
fixture_sample_11,fixture_cell_1,fixture_train_clone_0,11,RNA,fixture_rep_2,common,train,fixture_rna_x1,1.1654260158538818
fixture_sample_11,fixture_cell_1,fixture_train_clone_0,11,RNA,fixture_rep_2,common,train,fixture_rna_x2,0.7069146037101746
fixture_sample_11,fixture_cell_1,fixture_train_clone_0,11,RNA,fixture_rep_2,common,train,fixture_rna_y0,0.2761670649051666
fixture_sample_11,fixture_cell_1,fixture_train_clone_0,11,RNA,fixture_rep_2,common,train,fixture_rna_y1,0.15541324019432068
fixture_sample_11,fixture_cell_1,fixture_train_clone_0,11,ATAC,fixture_rep_2,common,train,fixture_withheld_peak,99999
fixture_sample_12,fixture_cell_2,fixture_train_clone_1,12,RNA,fixture_rep_1,common,train,fixture_rna_x0,1.0665477514266968
fixture_sample_12,fixture_cell_2,fixture_train_clone_1,12,RNA,fixture_rep_1,common,train,fixture_rna_x1,0.599366307258606
fixture_sample_12,fixture_cell_2,fixture_train_clone_1,12,RNA,fixture_rep_1,common,train,fixture_rna_x2,0.8388378620147705
fixture_sample_12,fixture_cell_2,fixture_train_clone_1,12,RNA,fixture_rep_1,common,train,fixture_rna_y0,0.24112410843372345
fixture_sample_12,fixture_cell_2,fixture_train_clone_1,12,RNA,fixture_rep_1,common,train,fixture_rna_y1,0.20524773001670837
fixture_sample_12,fixture_cell_2,fixture_train_clone_1,12,ATAC,fixture_rep_1,common,train,fixture_withheld_peak,99999
fixture_sample_3,fixture_cell_3,fixture_train_clone_1,3,RNA,fixture_rep_2,common,train,fixture_rna_x0,0.6128007769584656
fixture_sample_3,fixture_cell_3,fixture_train_clone_1,3,RNA,fixture_rep_2,common,train,fixture_rna_x1,1.0075405836105347
fixture_sample_3,fixture_cell_3,fixture_train_clone_1,3,RNA,fixture_rep_2,common,train,fixture_rna_x2,0.8318915963172913
fixture_sample_3,fixture_cell_3,fixture_train_clone_1,3,RNA,fixture_rep_2,common,train,fixture_rna_y0,0.18232864141464233
fixture_sample_3,fixture_cell_3,fixture_train_clone_1,3,RNA,fixture_rep_2,common,train,fixture_rna_y1,0.19022944569587708
fixture_sample_3,fixture_cell_3,fixture_train_clone_1,3,ATAC,fixture_rep_2,common,train,fixture_withheld_peak,99999
fixture_sample_11,fixture_cell_4,fixture_train_clone_2,11,RNA,fixture_rep_1,common,train,fixture_rna_x0,1.1866962909698486
fixture_sample_11,fixture_cell_4,fixture_train_clone_2,11,RNA,fixture_rep_1,common,train,fixture_rna_x1,1.0870848894119263
fixture_sample_11,fixture_cell_4,fixture_train_clone_2,11,RNA,fixture_rep_1,common,train,fixture_rna_x2,1.097798466682434
fixture_sample_11,fixture_cell_4,fixture_train_clone_2,11,RNA,fixture_rep_1,common,train,fixture_rna_y0,0.304219126701355
fixture_sample_11,fixture_cell_4,fixture_train_clone_2,11,RNA,fixture_rep_1,common,train,fixture_rna_y1,0.2604617476463318
fixture_sample_11,fixture_cell_4,fixture_train_clone_2,11,ATAC,fixture_rep_1,common,train,fixture_withheld_peak,99999
fixture_sample_12,fixture_cell_5,fixture_train_clone_2,12,RNA,fixture_rep_2,common,train,fixture_rna_x0,0.5541290044784546
fixture_sample_12,fixture_cell_5,fixture_train_clone_2,12,RNA,fixture_rep_2,common,train,fixture_rna_x1,0.6152684688568115
fixture_sample_12,fixture_cell_5,fixture_train_clone_2,12,RNA,fixture_rep_2,common,train,fixture_rna_x2,1.1079285144805908
fixture_sample_12,fixture_cell_5,fixture_train_clone_2,12,RNA,fixture_rep_2,common,train,fixture_rna_y0,0.15421131253242493
fixture_sample_12,fixture_cell_5,fixture_train_clone_2,12,RNA,fixture_rep_2,common,train,fixture_rna_y1,0.2756955623626709
fixture_sample_12,fixture_cell_5,fixture_train_clone_2,12,ATAC,fixture_rep_2,common,train,fixture_withheld_peak,99999
fixture_sample_3,fixture_cell_6,fixture_train_clone_3,3,RNA,fixture_rep_1,common,train,fixture_rna_x0,1.03400719165802
fixture_sample_3,fixture_cell_6,fixture_train_clone_3,3,RNA,fixture_rep_1,common,train,fixture_rna_x1,0.8769871592521667
fixture_sample_3,fixture_cell_6,fixture_train_clone_3,3,RNA,fixture_rep_1,common,train,fixture_rna_x2,0.7380951642990112
fixture_sample_3,fixture_cell_6,fixture_train_clone_3,3,RNA,fixture_rep_1,common,train,fixture_rna_y0,0.2296261042356491
fixture_sample_3,fixture_cell_6,fixture_train_clone_3,3,RNA,fixture_rep_1,common,train,fixture_rna_y1,0.16927470266819
fixture_sample_3,fixture_cell_6,fixture_train_clone_3,3,ATAC,fixture_rep_1,common,train,fixture_withheld_peak,99999
fixture_sample_12,fixture_cell_7,fixture_train_clone_3,12,RNA,fixture_rep_2,common,train,fixture_rna_x0,0.8980293273925781
fixture_sample_12,fixture_cell_7,fixture_train_clone_3,12,RNA,fixture_rep_2,common,train,fixture_rna_x1,0.6639387011528015
fixture_sample_12,fixture_cell_7,fixture_train_clone_3,12,RNA,fixture_rep_2,common,train,fixture_rna_x2,0.4719826579093933
fixture_sample_12,fixture_cell_7,fixture_train_clone_3,12,RNA,fixture_rep_2,common,train,fixture_rna_y0,0.21819187700748444
fixture_sample_12,fixture_cell_7,fixture_train_clone_3,12,RNA,fixture_rep_2,common,train,fixture_rna_y1,0.10695242881774902
fixture_sample_12,fixture_cell_7,fixture_train_clone_3,12,ATAC,fixture_rep_2,common,train,fixture_withheld_peak,99999
fixture_sample_3,fixture_cell_8,fixture_test_clone_4,3,RNA,fixture_rep_1,common,test,fixture_rna_x0,0.5250951051712036
fixture_sample_3,fixture_cell_8,fixture_test_clone_4,3,RNA,fixture_rep_1,common,test,fixture_rna_x1,0.8899614810943604
fixture_sample_3,fixture_cell_8,fixture_test_clone_4,3,RNA,fixture_rep_1,common,test,fixture_rna_x2,0.8232137560844421
fixture_sample_3,fixture_cell_8,fixture_test_clone_4,3,RNA,fixture_rep_1,common,test,fixture_rna_y0,0.1587570309638977
fixture_sample_3,fixture_cell_8,fixture_test_clone_4,3,RNA,fixture_rep_1,common,test,fixture_rna_y1,0.1913636177778244
fixture_sample_3,fixture_cell_8,fixture_test_clone_4,3,ATAC,fixture_rep_1,common,test,fixture_withheld_peak,99999
fixture_sample_11,fixture_cell_9,fixture_test_clone_4,11,RNA,fixture_rep_2,common,test,fixture_rna_x0,0.7144736647605896
fixture_sample_11,fixture_cell_9,fixture_test_clone_4,11,RNA,fixture_rep_2,common,test,fixture_rna_x1,1.0835566520690918
fixture_sample_11,fixture_cell_9,fixture_test_clone_4,11,RNA,fixture_rep_2,common,test,fixture_rna_x2,0.9499226212501526
fixture_sample_11,fixture_cell_9,fixture_test_clone_4,11,RNA,fixture_rep_2,common,test,fixture_rna_y0,0.2240304797887802
fixture_sample_11,fixture_cell_9,fixture_test_clone_4,11,RNA,fixture_rep_2,common,test,fixture_rna_y1,0.22159777581691742
fixture_sample_11,fixture_cell_9,fixture_test_clone_4,11,ATAC,fixture_rep_2,common,test,fixture_withheld_peak,99999
fixture_sample_12,fixture_cell_10,fixture_test_clone_5,12,RNA,fixture_rep_1,common,test,fixture_rna_x0,0.4089948534965515
fixture_sample_12,fixture_cell_10,fixture_test_clone_5,12,RNA,fixture_rep_1,common,test,fixture_rna_x1,0.7978251576423645
fixture_sample_12,fixture_cell_10,fixture_test_clone_5,12,RNA,fixture_rep_1,common,test,fixture_rna_x2,1.1778690814971924
fixture_sample_12,fixture_cell_10,fixture_test_clone_5,12,RNA,fixture_rep_1,common,test,fixture_rna_y0,0.1465490162372589
fixture_sample_12,fixture_cell_10,fixture_test_clone_5,12,RNA,fixture_rep_1,common,test,fixture_rna_y1,0.2893458604812622
fixture_sample_12,fixture_cell_10,fixture_test_clone_5,12,ATAC,fixture_rep_1,common,test,fixture_withheld_peak,99999
fixture_perturbation,fixture_p,fixture_p,3,RNA,fixture_rep_1,Zfp281_perturbation,train,fixture_rna_x0,99999
